set_id,point_idx,x_offset,y_offset,z_offset,side,avg_w_center,avg_w_fusion,selection_frequency,avg_rank,ranks,num_selected,num_total
0,0,1.7333321827312744,0.008729833133371612,1.5499156256372868,right,2.3371299218739847,2.107233094619,0.0,nan,[],0,6
0,1,3.085910948500077,0.007842289011644743,1.479115065467432,left,2.3757991461841814,2.1066316269408483,0.0,nan,[],0,6
0,2,1.9284371760255157,0.8605324907810203,0.8367185564737077,left,2.3700668939823486,2.1051709197224806,0.0,nan,[],0,6
0,3,1.6792844730731282,0.03792180556300717,1.6637328890792553,right,2.3293809372532293,2.1066316269408483,0.0,nan,[],0,6
0,4,-0.02874481168660925,-0.015149922571029095,2.2406581285081875,left,2.369000909454854,2.1079385755046514,0.16666666666666666,1.0,[1],1,6
0,5,0.31014176962703344,-0.12181469926675881,1.7153140153670494,left,2.369440757254902,2.1051709197224806,0.0,nan,[],0,6
0,6,-0.8802956111454748,-0.1135382974050404,1.4317322112593238,left,2.3472871428240625,2.106519264847128,0.0,nan,[],0,6
0,7,1.7507358539129805,0.6402135541162219,0.6413543218277976,left,2.372471207084503,2.1051709197224806,0.16666666666666666,4.0,[4],1,6
0,8,3.1185300950117663,0.7059088134946507,2.297819050531398,left,2.3615263386772436,2.1066316269408483,0.0,nan,[],0,6
0,9,0.023904929868625358,-0.5106581106580748,1.8399002565610532,left,2.363315180143473,2.1062664501362565,0.0,nan,[],0,6
0,10,1.2484496085859256,-0.4793012693176042,1.523312451737624,left,2.3664458001593283,2.1063394854971746,0.16666666666666666,3.0,[3],1,6
0,11,0.5187528412272484,0.5749952444184561,1.4213285838601908,left,2.3539912238505836,2.106519264847128,0.3333333333333333,4.5,"[5, 4]",2,6
0,12,1.4292628591352976,0.15186182848523233,1.4399026350771353,right,2.3787302228227634,2.1080923341592164,0.16666666666666666,1.0,[1],1,6
0,13,-0.6479221659130066,-0.020747728150375067,1.5187866081968981,right,2.373598591774899,2.1090661389714613,0.0,nan,[],0,6
0,14,0.14339967987743596,-0.3445939492227897,1.598273364421138,left,2.364921529900791,2.1067644185061547,0.0,nan,[],0,6
0,15,-0.4269486685022058,-0.6743726210979296,1.713343083609538,right,2.3651464839340153,2.106923768384522,0.0,nan,[],0,6
0,16,-0.9419118139254042,0.1917313347088977,1.5164586541186942,left,2.3349546140740958,2.107016023577261,0.0,nan,[],0,6
0,17,-0.04049737496344652,0.46840197874160094,1.4704360169406057,left,2.328226196488349,2.1072330946189997,0.0,nan,[],0,6
0,18,-0.631540576361583,0.5187072778201027,2.1284318107238236,right,2.3719863727405377,2.106923768384522,0.16666666666666666,1.0,[1],1,6
0,19,3.3062420767216176,0.4081844132114596,1.4377094846041243,left,2.358106239417281,2.1076749892396824,0.0,nan,[],0,6
0,20,-0.8684221672003253,0.7737837239076517,0.03310868424210214,left,2.3652261835003983,2.1086766170465636,0.16666666666666666,0.0,[0],1,6
0,21,-0.5143988584799011,-0.257696507478818,1.1991011113465528,left,2.3874903639771348,2.107016023577261,0.0,nan,[],0,6
0,22,2.8021243360745185,-0.5239445678893728,1.868212904658798,left,2.3490951443618364,2.10620200717074,0.0,nan,[],0,6
0,23,0.410569226614387,-0.30672979700867,1.4495489071975132,left,2.339406655113203,2.1078001927155428,0.0,nan,[],0,6
0,24,3.1472716033886767,-0.3532918193827234,2.1838541987211304,left,2.365650255685353,2.108457510963808,0.0,nan,[],0,6
0,25,1.479944830699441,0.04161397461289562,0.9255946522699446,left,2.3454716725049463,2.1051709197224806,0.0,nan,[],0,6
0,26,-0.6602861250291971,-0.48640082314777666,2.177790334438201,right,2.3554271639543676,2.1062664501362565,0.0,nan,[],0,6
0,27,2.5676765021536454,0.5493658495261289,0.3929653901502884,right,2.320308457045188,2.1076749892396824,0.0,nan,[],0,6
0,28,-0.16718101008647424,-0.622036539005686,1.9766442092796024,right,2.34948918090636,2.1060934716498707,0.16666666666666666,5.0,[5],1,6
0,29,-0.25173228677722004,0.6831912874415336,2.011984941585523,left,2.354385963846339,2.109553041377584,0.0,nan,[],0,6
0,30,2.3357184040373635,0.8221358097734335,1.8434666594518667,right,2.4047939925095725,2.1086766170465636,0.0,nan,[],0,6
0,31,1.0796010727714713,0.24837687564832212,1.103171769410358,left,2.342711855208793,2.107118529346971,0.16666666666666666,2.0,[2],1,6
0,32,2.8299224243261634,-0.668117820772018,1.517785846330822,left,2.362732963824015,2.1076749892396824,0.0,nan,[],0,6
0,33,3.402648012776778,0.013909459206008501,2.0194970073978173,left,2.3480906759240483,2.107118529346971,0.16666666666666666,5.0,[5],1,6
0,34,3.392203507705438,0.9304411125095384,2.1602459638183875,right,2.384784492549075,2.1051709197224806,0.0,nan,[],0,6
0,35,0.5512721938484559,-0.3553954151985904,2.0656362645243185,right,2.370013151775034,2.1082641820672596,0.0,nan,[],0,6
0,36,-0.08725589170746251,0.9595818856969724,0.5191817953015864,left,2.3417340571292975,2.1077677325551343,0.0,nan,[],0,6
0,37,-0.6593336480032554,0.9119172699572109,0.24939110634573103,left,2.3655731033143916,2.106144724534726,0.16666666666666666,3.0,[3],1,6
0,38,1.2867880192978216,0.8891612314167845,1.893938013308889,right,2.4457079035940694,2.1051709197224806,0.6666666666666666,0.75,"[0, 2, 0, 1]",4,6
0,39,2.2933851135410652,0.8415940561223156,0.801928660059161,left,2.359313711896939,2.1051709197224806,0.3333333333333333,1.0,"[0, 2]",2,6
0,40,-0.5231820284006069,0.9659058148016808,0.437635766125366,right,2.3703068847469075,2.1059012733316647,0.0,nan,[],0,6
0,41,-0.29166357053640146,0.4211077522055686,1.7781998967737325,left,2.364449735487131,2.1083579172898284,0.0,nan,[],0,6
0,42,1.6849194933925,0.62037450356926,1.2732787411503939,left,2.367690229150757,2.106923768384522,0.0,nan,[],0,6
0,43,2.8658709526378026,0.14711167240270318,2.2086485754648226,right,2.382929209336738,2.1051709197224806,0.16666666666666666,0.0,[0],1,6
0,44,1.433455092579278,-0.09121993686632124,2.1796840495812284,left,2.362072718983407,2.1051709197224806,0.0,nan,[],0,6
0,45,0.795658197965524,0.3608610210337706,0.46313026805144253,right,2.386623862038831,2.1051709197224806,0.5,2.6666666666666665,"[3, 3, 2]",3,6
0,46,2.4546568346339694,-0.2600974382917487,1.581350741725867,left,2.363413428617864,2.1082641820672596,0.0,nan,[],0,6
0,47,2.710824578906374,0.612224733889936,1.5188451421817182,right,2.337951026243332,2.107118529346971,0.0,nan,[],0,6
0,48,1.8028708424366582,0.26454339753886014,1.2209490762181587,right,2.3476752689687252,2.106519264847128,0.3333333333333333,0.5,"[1, 0]",2,6
0,49,3.2882023407509138,0.9711436455723166,0.588165885244709,left,2.352550253403093,2.1083579172898284,0.16666666666666666,4.0,[4],1,6
1,0,3.4060685947640597,-0.26602359713503837,2.089724647386965,right,2.364765486119794,2.109295269515519,0.0,nan,[],0,6
1,1,-0.8133896831246054,0.6179199179318127,1.1601976255973152,right,2.4165238359172485,2.1066316269408483,0.3333333333333333,2.5,"[4, 1]",2,6
1,2,2.8466698240339188,-0.033137888851473285,1.8224725514535751,right,2.3919474427717553,2.113260990470364,0.0,nan,[],0,6
1,3,1.5379873012130867,0.4415991752261643,1.5783492398212469,left,2.364292721245286,2.109553041377584,0.16666666666666666,4.0,[4],1,6
1,4,-0.3756553760368022,-0.571713684623064,1.5248389883277969,left,2.3625502353195285,2.107016023577261,0.16666666666666666,4.0,[4],1,6
1,5,1.7660186463264442,-0.3734900264142933,1.4603103974586689,left,2.340669459257693,2.1080923341592164,0.3333333333333333,3.0,"[1, 5]",2,6
1,6,3.1722876670917355,0.25602654516589607,2.185629847198891,right,2.351224192410429,2.107867609971775,0.0,nan,[],0,6
1,7,1.0391202832992517,-0.5084569708635185,1.9876920058564855,right,2.347145976900195,2.1051709197224806,0.16666666666666666,3.0,[3],1,6
1,8,2.0372999961194806,0.7623836135571669,0.9165056525020348,right,2.4203705518752994,2.1051709197224806,0.3333333333333333,0.5,"[1, 0]",2,6
1,9,2.4454827573105047,-0.3986675714574057,1.6396537160519387,right,2.369080124586454,2.1062664501362565,0.0,nan,[],0,6
1,10,-0.5879500190523553,0.7515177813744938,0.05944248284825292,left,2.348325575434485,2.107508051271869,0.0,nan,[],0,6
1,11,3.858220698375181,0.3164073918340977,0.3974194343788645,right,2.320425810743175,2.106519264847128,0.0,nan,[],0,6
1,12,0.6974099516812586,0.6742777988573794,1.22150841126303,right,2.37343228472425,2.1110137485959517,0.3333333333333333,4.0,"[5, 3]",2,6
1,13,2.2300005046813114,-0.4407141260919684,1.444675064862009,left,2.373440252757344,2.1080923341592164,0.0,nan,[],0,6
1,14,-0.8576176878156802,0.5809884502872666,1.6329467234764625,left,2.3745376250679304,2.1067644185061547,0.16666666666666666,2.0,[2],1,6
1,15,-0.8770968586213448,0.2906925228253271,0.20633146462406918,left,2.3539082809301006,2.1078001927155428,0.0,nan,[],0,6
1,16,1.9198954938207429,0.1873798633399817,1.5209852054052804,left,2.344369290605543,2.1051709197224806,0.0,nan,[],0,6
1,17,0.6630485846471066,-0.1937578771926851,1.922253531634258,left,2.3516898486188444,2.1072330946189997,0.0,nan,[],0,6
1,18,2.092501992700623,-0.4934176524215206,1.8319886286318736,right,2.3619673636935468,2.106923768384522,0.0,nan,[],0,6
1,19,-0.4324054065868945,0.10050024157556992,1.4077003496045282,right,2.3234385589733466,2.1076749892396824,0.0,nan,[],0,6
1,20,-0.9064452859149771,-0.19088502200378177,0.9802379798499415,right,2.3584384154326057,2.110429465708605,0.0,nan,[],0,6
1,21,3.568282092312944,0.09583971453031581,0.08110351887879158,left,2.3606751980293925,2.107016023577261,0.0,nan,[],0,6
1,22,1.0376294419440715,0.6087385309676461,0.7959138989802085,right,2.3842653171218533,2.1103263569637787,0.0,nan,[],0,6
1,23,3.3800908323284187,0.5840486794910948,1.1663537774875332,right,2.302347099296185,2.1078001927155428,0.0,nan,[],0,6
1,24,-0.5447750320488262,0.24051299148481664,2.094035276882418,left,2.3597548780887228,2.109553041377584,0.0,nan,[],0,6
1,25,2.079975045509191,0.21654161389872206,2.033984207036356,left,2.3856228987939856,2.1103263569637787,0.16666666666666666,6.0,[6],1,6
1,26,2.8789777100824336,0.4910818400263661,0.7764491055038095,right,2.3485236363991167,2.1051709197224806,0.0,nan,[],0,6
1,27,-0.9366923575620592,0.15312750577730272,0.32304851619842595,left,2.333234409747813,2.107674989239683,0.0,nan,[],0,6
1,28,2.8700925703966678,-0.5217396845717389,1.6151206077875948,left,2.3457471764244207,2.107938575504651,0.16666666666666666,2.0,[2],1,6
1,29,1.1916950541326714,0.2091780561201313,1.6920070517473516,right,2.3496693190241955,2.1080923341592164,0.0,nan,[],0,6
1,30,3.1696130020342146,0.9261680457022461,0.34986935306008016,left,2.3678985304564093,2.1078001927155428,0.16666666666666666,3.0,[3],1,6
1,31,3.195045564584383,0.4809790052310494,0.14215409623181222,right,2.3719082949886743,2.1090661389714613,0.0,nan,[],0,6
1,32,1.6641090290711986,0.36580571745906165,0.10224835432344458,left,2.3710904407944504,2.1101790587568843,0.16666666666666666,0.0,[0],1,6
1,33,-0.6853400322096439,-0.6533260693325067,0.033594189299879694,left,2.3573323774891444,2.107118529346971,0.16666666666666666,2.0,[2],1,6
1,34,-0.9089411996208354,-0.29320835388028843,1.4356491272542813,left,2.341352320884221,2.1086766170465636,0.0,nan,[],0,6
1,35,2.2271652082905344,0.6557300652659364,2.2201738096230597,left,2.4101466270114393,2.10620200717074,0.16666666666666666,0.0,[0],1,6
1,36,2.8004091266991518,0.2851016178058954,2.2973783451469205,right,2.332322029966625,2.1090661389714613,0.0,nan,[],0,6
1,37,0.629796333600575,0.27929972585522755,1.1144263285715537,right,2.425670282381135,2.1119875534081967,0.5,1.0,"[0, 0, 3]",3,6
1,38,2.283517896518328,0.7462213660988828,0.5289446266889787,left,2.3703316278374675,2.1101790587568843,0.0,nan,[],0,6
1,39,0.46201562970891596,0.22328951693605814,1.8414174404841797,left,2.369044710351042,2.108457510963808,0.3333333333333333,2.0,"[2, 2]",2,6
1,40,2.4790105947974825,0.14616166879331882,1.325079801821844,right,2.3395823923617987,2.109553041377584,0.16666666666666666,0.0,[0],1,6
1,41,1.6640776315658639,-0.36145874554046037,2.193693912442454,left,2.370688707231432,2.1051709197224806,0.0,nan,[],0,6
1,42,1.152795191179452,0.7482069766822916,0.7444554981445928,left,2.4005434585415415,2.1078001927155428,0.5,1.6666666666666667,"[1, 3, 1]",3,6
1,43,1.2019647873143744,-0.3245829219412008,1.649555725086597,left,2.383437645120809,2.1083579172898284,0.16666666666666666,4.0,[4],1,6
1,44,-0.0126515890852682,0.00686764072087398,1.8273241515044858,right,2.347859100436144,2.1051709197224806,0.16666666666666666,5.0,[5],1,6
1,45,3.828339540661556,0.5305525020679269,1.8728585258322026,right,2.323333725426888,2.1051709197224806,0.0,nan,[],0,6
1,46,1.1086563332683812,0.7834861611886432,2.006210833024533,right,2.367248736931915,2.1082641820672596,0.16666666666666666,1.0,[1],1,6
1,47,2.3758900873605624,0.010369675383135712,1.4700649235166205,left,2.3828119900660565,2.1080923341592164,0.0,nan,[],0,6
1,48,-0.8182709296621812,-0.603408367456413,0.23404101690599133,left,2.3631103100161805,2.1119126453457167,0.16666666666666666,2.0,[2],1,6
1,49,0.9125394537631946,-0.3597176180728964,1.6775321879979963,right,2.33714996265195,2.1083579172898284,0.0,nan,[],0,6
2,0,-0.8265615237303922,0.9678977995829101,1.1036616532904575,left,2.5924554712176757,2.1062020071707406,0.5,1.0,"[0, 0, 3]",3,6
2,1,2.260142746753902,0.03186998500373717,1.568208707172756,right,2.575225530635961,2.1080923341592164,0.0,nan,[],0,6
2,2,-0.38308741587813133,0.23073429512359456,0.9973463276197972,left,2.5812457805616096,2.107867609971775,0.3333333333333333,1.0,"[1, 1]",2,6
2,3,-0.7495097274309861,-0.540244979780818,0.679612136729763,left,2.6090749199777195,2.109553041377584,0.16666666666666666,2.0,[2],1,6
2,4,2.8915203842275172,0.8868086414269782,1.9500762488076506,right,2.5975797785660166,2.1051709197224806,0.0,nan,[],0,6
2,5,1.8997782555360785,0.5797528086888726,1.6435552965809357,left,2.5936060874107563,2.1051709197224806,0.16666666666666666,3.0,[3],1,6
2,6,3.355575133393982,0.11481506965709865,0.18144059671200038,left,2.596417589764085,2.1092159550964222,0.0,nan,[],0,6
2,7,0.6125185276312226,-0.3903841337913273,2.2232848860070664,left,2.5830761354095224,2.1076749892396824,0.0,nan,[],0,6
2,8,1.8217616411820585,0.8575406451007506,0.7257087980458983,right,2.5823618202665592,2.1051709197224806,0.3333333333333333,1.5,"[1, 2]",2,6
2,9,3.1831874817557955,-0.32937005901209776,2.156952346903054,right,2.5713598488841285,2.1073619805500323,0.16666666666666666,3.0,[3],1,6
2,10,2.3364432014143497,0.8646937793780791,1.6338200645316965,left,2.5851615558437278,2.109845182821257,0.0,nan,[],0,6
2,11,0.5004508060280808,0.06825826920685518,0.8856729232413594,left,2.5807958597504363,2.107867609971775,0.16666666666666666,8.0,[8],1,6
2,12,-0.3639811407845319,0.2880192507573236,0.5329275888241137,left,2.592466226378051,2.1066316269408483,0.16666666666666666,7.0,[7],1,6
2,13,-0.6581197417826276,0.9332967731619022,0.8172190375980151,left,2.59767346322545,2.109066138971462,0.3333333333333333,3.0,"[2, 4]",2,6
2,14,0.6601046126801196,0.028586177268228985,1.5151064883578185,left,2.5911043963282587,2.1083579172898284,0.0,nan,[],0,6
2,15,3.3519254259478286,-0.6771415973203793,2.127310630929175,right,2.574187899268313,2.1086766170465636,0.16666666666666666,5.0,[5],1,6
2,16,2.5027586431573363,0.62908504211532,2.1899592651969138,right,2.592653792947201,2.1051709197224806,0.0,nan,[],0,6
2,17,3.0326743892760426,-0.16171390132178975,1.9749677352961017,right,2.586979596310498,2.1082641820672596,0.0,nan,[],0,6
2,18,2.559335567340218,0.010206859220911024,1.95676334713672,right,2.5769443753845547,2.106923768384522,0.0,nan,[],0,6
2,19,1.0946564824412546,-0.2528554029645846,1.93098049997083,left,2.609418796051355,2.1089270239982834,0.16666666666666666,0.0,[0],1,6
2,20,2.7567863568729667,-0.1277139373893511,2.166237295214769,left,2.5734854275099734,2.106923768384522,0.0,nan,[],0,6
2,21,1.6158664688479263,0.6982931336011833,1.8831836306736465,left,2.59103186098382,2.1060934716498707,0.16666666666666666,5.0,[5],1,6
2,22,-0.5444026171173224,-0.22511638310254217,1.612132261275384,right,2.595191991117264,2.109295269515519,0.0,nan,[],0,6
2,23,0.7269992855172378,0.4179054104209481,0.41437031438257005,right,2.596563297048982,2.1113058900396253,0.0,nan,[],0,6
2,24,1.9059810705927935,-0.1122742650792099,2.2491814048990326,left,2.5871501162356485,2.109553041377584,0.0,nan,[],0,6
2,25,3.5406354768416053,0.17008005893166445,0.18022412109463437,left,2.5817976935610587,2.107233094619,0.0,nan,[],0,6
2,26,-0.06816824687171175,0.18480139472976675,1.957590052895307,left,2.6006754848280624,2.108457510963808,0.3333333333333333,4.0,"[6, 2]",2,6
2,27,3.806458246706817,0.0285269666948883,2.233079863014337,left,2.598048303115192,2.1064229544810815,0.16666666666666666,7.0,[7],1,6
2,28,1.2135222787405322,0.6230625560644449,0.44424546692905914,left,2.5829102407676103,2.1070160235772613,0.16666666666666666,4.0,[4],1,6
2,29,0.11834205020784161,0.45986168752723566,1.906442413963297,right,2.5982760266095135,2.109553041377584,0.3333333333333333,6.0,"[4, 8]",2,6
2,30,0.11790515550811032,0.9423842554136614,2.071042993877253,right,2.5770183002052836,2.1078001927155428,0.16666666666666666,9.0,[9],1,6
2,31,1.8778660669839384,0.18462464434068326,1.4499236356097922,right,2.6014367908530622,2.107118529346971,0.0,nan,[],0,6
2,32,1.854308356079664,0.24526019163954282,0.688851051604811,left,2.604307074178739,2.1076749892396824,0.16666666666666666,0.0,[0],1,6
2,33,0.5203534034338273,-0.17287623447944367,2.2305398558387792,left,2.5883981624972203,2.1080923341592164,0.0,nan,[],0,6
2,34,1.0784152710206287,-0.5699488557614815,2.1010737510080757,left,2.5948146331398267,2.1104294657086045,0.0,nan,[],0,6
2,35,0.3146363818176898,0.9905528867522992,1.6468666285975484,left,2.5791835122452778,2.1062020071707406,0.0,nan,[],0,6
2,36,-0.326304135099005,0.3468693625297192,1.3796981119277332,left,2.587763723024029,2.109715342179625,0.16666666666666666,10.0,[10],1,6
2,37,0.05186303418840832,0.09998167838929561,2.0011584629570884,left,2.598195220704039,2.1051709197224806,0.16666666666666666,6.0,[6],1,6
2,38,-0.08592546250718669,-0.17459339714014055,0.24704157062094906,right,2.584637262412677,2.1076749892396824,0.16666666666666666,0.0,[0],1,6
2,39,0.9009582399131331,0.46344845898851794,0.6915626180461147,right,2.60829430391336,2.11064857179136,0.6666666666666666,4.0,"[0, 3, 2, 11]",4,6
2,40,1.0316926092286813,0.8725444091321963,0.7964519565856313,left,2.6058394517936563,2.1080923341592164,0.5,6.0,"[1, 5, 12]",3,6
2,41,-0.6821394350699469,-0.38237255812577425,2.2710335979583327,left,2.607552291881173,2.1083579172898284,0.0,nan,[],0,6
2,42,0.8833043419914253,0.8148156570913736,1.3039933337066845,right,2.5857739936554744,2.1086766170465636,0.3333333333333333,4.0,"[3, 5]",2,6
2,43,1.6219338141605144,0.9202787552848126,1.4451162186542614,left,2.574138718697664,2.1067644185061547,0.16666666666666666,4.0,[4],1,6
2,44,0.5581741477346216,0.12000489781751578,1.6092507322007095,right,2.6109796712765143,2.1089270239982834,0.16666666666666666,13.0,[13],1,6
2,45,0.8498839726118472,0.5482765153878404,1.4916106041655648,left,2.609792213275982,2.107867609971775,0.16666666666666666,1.0,[1],1,6
2,46,1.4278689003853526,0.5293635579362945,2.2146730263651944,left,2.58584358524016,2.1103263569637787,0.16666666666666666,6.0,[6],1,6
2,47,-0.5358294663557219,0.07055748848843446,0.7206681757197134,right,2.5964819605530303,2.1080923341592164,0.16666666666666666,1.0,[1],1,6
2,48,1.1682683994629155,0.7202844018804493,0.7592473666236854,right,2.588580603860071,2.107867609971775,0.16666666666666666,4.0,[4],1,6
2,49,3.7203085546322834,0.710787910734435,1.1950458923829705,left,2.6003687174532044,2.1083579172898284,0.0,nan,[],0,6
3,0,2.4760019744576223,-0.18510890576507888,1.6936764349852453,left,2.7283145074266404,2.10620200717074,0.0,nan,[],0,6
3,1,3.230851668278639,0.5373728084415395,2.136261005402862,left,2.798913056766096,2.1051709197224806,0.16666666666666666,0.0,[0],1,6
3,2,1.5094287655143273,0.5797294160230555,0.6472904343393212,right,2.778896473429068,2.1051709197224806,0.16666666666666666,4.0,[4],1,6
3,3,2.647962613189609,0.8844939665749034,2.10967302789528,left,2.8312129008355176,2.1051709197224806,0.16666666666666666,0.0,[0],1,6
3,4,1.5122988022753163,0.17379077322676173,0.953747489087238,right,2.728727413568713,2.107016023577261,0.0,nan,[],0,6
3,5,0.7356519569622093,0.021112609823031758,2.065427787551377,left,2.7809956872260586,2.1066316269408483,0.16666666666666666,1.0,[1],1,6
3,6,1.7969692677458626,0.16878764402333457,1.2362048826908505,right,2.714367338507112,2.106519264847128,0.0,nan,[],0,6
3,7,1.213256213766555,-0.046149886437467535,1.9543646950421678,left,2.6900960498284445,2.1101790587568843,0.0,nan,[],0,6
3,8,2.3338490884512066,0.19621941993696335,1.7784631718764783,left,2.707810887634483,2.1066316269408483,0.0,nan,[],0,6
3,9,0.4115395605621588,0.8027129694626072,0.25518240499427075,left,2.675790773912107,2.1062664501362565,0.16666666666666666,6.0,[6],1,6
3,10,3.2028977991651715,0.13326257206950198,0.1583478733049049,right,2.730148709364469,2.1063394854971746,0.0,nan,[],0,6
3,11,3.806057667367333,0.15778790626029937,1.0312828096232902,left,2.6747144603442656,2.107867609971775,0.0,nan,[],0,6
3,12,3.9996533302195374,-0.10234421691527162,1.7056748134803266,left,2.7034939587790494,2.1051709197224806,0.0,nan,[],0,6
3,13,1.3975209126115988,0.8502934413394989,1.580924973894294,left,2.7487719983414958,2.106144724534726,0.16666666666666666,1.0,[1],1,6
3,14,-0.45862653467747394,-0.026617053083119457,0.3733762844508388,right,2.728058203623121,2.1067644185061547,0.16666666666666666,5.0,[5],1,6
3,15,0.0793972196359487,0.456989528772235,0.6193407374217643,right,2.7096947048164117,2.106923768384522,0.16666666666666666,4.0,[4],1,6
3,16,0.043181110738929274,0.27103744452593903,0.2697467448466308,left,2.715804977323726,2.1060934716498707,0.16666666666666666,4.0,[4],1,6
3,17,-0.05568733367560996,-0.6480653313143543,1.6560688029811117,left,2.6929077629219567,2.10620200717074,0.0,nan,[],0,6
3,18,0.4488322526094515,0.8156291805709432,1.2790846023282847,right,2.822720926239166,2.1051709197224806,0.6666666666666666,2.5,"[1, 1, 6, 2]",4,6
3,19,-0.8832326356201528,0.6006312356072916,1.954211171247621,right,2.7446479287102377,2.1064229544810815,0.0,nan,[],0,6
3,20,0.2188378232824455,0.09683757256585446,1.005648776076711,right,2.7295882668741114,2.106923768384522,0.16666666666666666,3.0,[3],1,6
3,21,-0.17094912052728695,0.6644263195357607,0.941100560179668,right,2.7214260749452226,2.1079385755046514,0.0,nan,[],0,6
3,22,-0.5200185380029828,0.9702300672348194,0.7227723669932605,left,2.8066441480879,2.1072330946189997,0.16666666666666666,1.0,[1],1,6
3,23,2.6446069795932305,0.30459919521617973,0.9008330611418095,right,2.7326987524709625,2.106047344053501,0.16666666666666666,3.0,[3],1,6
3,24,-0.1797693918888218,-0.360412515059813,1.4937269531380772,right,2.7742314579885066,2.1051709197224806,0.0,nan,[],0,6
3,25,2.882871844686451,-0.5279815797424883,1.5050103084535018,right,2.756310336869845,2.10620200717074,0.0,nan,[],0,6
3,26,3.574271886933837,0.45054676498568647,0.22041685117285784,right,2.6878475490791645,2.1062664501362565,0.0,nan,[],0,6
3,27,1.7526851913243293,-0.2762785685206228,1.7921279509849903,left,2.75337426512441,2.1089270239982834,0.0,nan,[],0,6
3,28,1.6118872444995271,0.3979245529044886,1.8261466470105179,left,2.7059016670975082,2.1060934716498707,0.0,nan,[],0,6
3,29,3.1752218984217055,0.5150569717679139,1.4793006977910088,left,2.7772365992818293,2.1066316269408483,0.0,nan,[],0,6
3,30,3.7575967067140716,0.7791804075626605,1.335872642604303,right,2.7185989998421776,2.106047344053501,0.0,nan,[],0,6
3,31,0.5210629460898506,0.29459630440977913,0.6427309091598329,right,2.7982416797857983,2.1051709197224806,0.5,2.3333333333333335,"[2, 2, 3]",3,6
3,32,3.8287622016452385,0.10700668544642356,1.1389125197186865,right,2.734448165222392,2.1051709197224806,0.16666666666666666,0.0,[0],1,6
3,33,0.05849501665690404,-0.628558294658482,2.1738505689652987,right,2.710339752719833,2.106144724534726,0.0,nan,[],0,6
3,34,1.3133761490372873,0.6745696500053953,2.1127589910275164,left,2.7378889650920883,2.1086766170465636,0.0,nan,[],0,6
3,35,2.137927282883379,0.28667932180911504,1.4890028341155876,left,2.724652663033984,2.1072330946189997,0.0,nan,[],0,6
3,36,-0.2637093423329486,-0.39676540655100867,1.6327001361015683,left,2.748881463023917,2.107118529346971,0.0,nan,[],0,6
3,37,2.8673844897043286,0.15431788440826888,2.0601050988871497,left,2.7306229118169054,2.106144724534726,0.16666666666666666,5.0,[5],1,6
3,38,2.247182518104701,0.8026331902216739,1.1333234547985178,right,2.8199829714165303,2.1076749892396824,0.5,0.0,"[0, 0, 0]",3,6
3,39,1.638919225991208,0.07503938899679541,1.2973810080470158,left,2.7304291925533466,2.1062664501362565,0.0,nan,[],0,6
3,40,1.3614803555341437,0.7770253843096413,0.29618165575305505,left,2.717779589475796,2.1073619805500323,0.0,nan,[],0,6
3,41,0.104887651374586,0.14092611356248164,1.064792267503957,left,2.7087865043516746,2.1051709197224806,0.16666666666666666,5.0,[5],1,6
3,42,0.6834270779037968,0.7430185022699336,0.3524973967936878,right,2.733889079328572,2.1086766170465636,0.0,nan,[],0,6
3,43,1.1127516010761473,0.2912778929545593,0.3461460510949342,left,2.726272930086284,2.1051709197224806,0.3333333333333333,3.0,"[2, 4]",2,6
3,44,1.4149362884072678,0.48819085838769616,2.1671625421741227,left,2.7477877759284155,2.1051709197224806,0.3333333333333333,2.5,"[3, 2]",2,6
3,45,0.47076890920145464,-0.17254843857858126,1.9482990152634343,left,2.7214365241879244,2.1051709197224806,0.0,nan,[],0,6
3,46,1.5931036389854816,0.7493735047775427,0.4861804263706386,right,2.7774725351324974,2.107233094619,0.16666666666666666,1.0,[1],1,6
3,47,3.9179171604650618,0.34609947881213254,1.7684766443463078,right,2.7249981190322807,2.107118529346971,0.0,nan,[],0,6
3,48,1.518744302225548,-0.24424601395785994,2.2555504234250483,right,2.704395688032676,2.107867609971775,0.0,nan,[],0,6
3,49,-0.207395406488309,0.0035437620580696105,2.1473631450976205,right,2.763918986756392,2.1067644185061547,0.16666666666666666,3.0,[3],1,6
4,0,-0.13671138299028185,0.945515358211261,1.9850094586934222,left,2.7132797469138463,2.111357444412038,0.16666666666666666,0.0,[0],1,6
4,1,3.2055862696316764,0.17063148473942735,0.17896569583415478,left,2.6677054176342914,2.1080923341592164,0.16666666666666666,3.0,[3],1,6
4,2,2.3094509434695993,0.648393781630934,1.5055534382837403,left,2.71302191252533,2.1105643002210694,0.3333333333333333,4.0,"[2, 6]",2,6
4,3,-0.42533839996241296,0.022721294383301727,1.88157278192391,right,2.687051526083694,2.1080923341592164,0.0,nan,[],0,6
4,4,-0.34589673002332755,0.5893038646580036,0.03763898979834424,right,2.680547138565606,2.113473887068992,0.0,nan,[],0,6
4,5,3.6992193209590223,0.6231299123031042,0.09801185804875187,left,2.6770434784552513,2.1080923341592164,0.0,nan,[],0,6
4,6,2.7711545615153503,0.9131223203143599,1.1590162590012432,right,2.668798563391521,2.1105643002210694,0.16666666666666666,1.0,[1],1,6
4,7,1.0422012406357433,-0.5591689935004873,1.5319130799089213,right,2.6591758346555645,2.1126831282740866,0.0,nan,[],0,6
4,8,-0.3988712163942367,0.07168864917486772,1.2682214796860811,left,2.696832071998682,2.1139351630326875,0.0,nan,[],0,6
4,9,3.5162687834212907,-0.5579620787440669,1.8759183995573103,right,2.6721931750978487,2.11064857179136,0.0,nan,[],0,6
4,10,-0.1079128012394267,0.2656020668581064,2.2730714842241233,left,2.711441687450952,2.1086766170465636,0.16666666666666666,0.0,[0],1,6
4,11,3.163328567458347,0.2037727535119912,1.2991314970380174,right,2.6793422941334,2.113260990470364,0.16666666666666666,0.0,[0],1,6
4,12,-0.15537808251564722,-0.5654423384032027,1.9988433585747027,left,2.6830737099469357,2.1110137485959517,0.0,nan,[],0,6
4,13,0.15150582145501845,0.314158065983307,0.03776889400368045,right,2.7091828888045186,2.1080923341592164,0.5,2.0,"[3, 1, 2]",3,6
4,14,2.6980213351851536,0.007110921061545761,1.0726259128796833,left,2.6663391066886413,2.1163254112081984,0.0,nan,[],0,6
4,15,-0.9030612018610392,0.7011219847046701,0.4208986651917151,left,2.6937385847760993,2.1086766170465636,0.0,nan,[],0,6
4,16,0.2902468352092267,0.7998369183390575,1.0914945680539783,right,2.670836179155801,2.1116287832142118,0.16666666666666666,7.0,[7],1,6
4,17,3.325790228939156,0.9782006957740284,1.698104754109664,left,2.6968255050171988,2.109295269515519,0.3333333333333333,1.0,"[1, 1]",2,6
4,18,1.2079402206848413,0.6966428009313597,0.8652370354216966,right,2.6836864477620246,2.1139351630326875,0.0,nan,[],0,6
4,19,2.9706290132611692,0.041092060665048336,0.6523416352725049,left,2.6596476936081497,2.1101790587568843,0.0,nan,[],0,6
4,20,-0.8874753758094797,0.7153812615958244,0.4461091361801401,left,2.6470132732222083,2.1086766170465636,0.0,nan,[],0,6
4,21,-0.27532027971784023,-0.6675770844255765,0.6969154565336088,left,2.704411712561702,2.1116287832142118,0.16666666666666666,2.0,[2],1,6
4,22,3.12633919948742,0.6520628769249335,0.578706688046754,right,2.681940595678712,2.1134196193085573,0.0,nan,[],0,6
4,23,3.1288164224430126,0.19520494062038374,2.268986254790627,left,2.666741197461137,2.109553041377584,0.0,nan,[],0,6
4,24,-0.0031424486031980114,-0.6294243398289026,0.8094817466218055,left,2.662929944228429,2.109553041377584,0.0,nan,[],0,6
4,25,0.8979670575239593,0.9947958357344198,0.6791504179895971,right,2.6721709912314893,2.112388531860298,0.0,nan,[],0,6
4,26,0.6894522714767146,-0.29372103959249146,1.8915395246445879,left,2.6713509121758476,2.11064857179136,0.0,nan,[],0,6
4,27,2.5324460535744047,0.5459027193987913,2.069582946591335,left,2.6974722612078033,2.1089270239982834,0.16666666666666666,3.0,[3],1,6
4,28,0.40855333329081844,0.05672511924203627,1.4019753158986148,left,2.6886625108699094,2.1153189909237726,0.6666666666666666,2.5,"[0, 4, 4, 2]",4,6
4,29,0.9662481384621571,0.948130057939272,1.0049326337644142,left,2.7136727747461635,2.109553041377584,0.3333333333333333,2.5,"[5, 0]",2,6
4,30,2.724523491040577,-0.6976386959113475,1.9968881395816047,left,2.672586647175527,2.1104294657086045,0.0,nan,[],0,6
4,31,2.055036093089744,0.426068608653972,0.871518432952186,right,2.669035211436625,2.1090661389714613,0.0,nan,[],0,6
4,32,1.3165856280263588,0.822753902024159,0.8705443692986172,right,2.7047765981982868,2.1051709197224806,0.16666666666666666,1.0,[1],1,6
4,33,1.1859073124581325,0.42043408139598015,0.9907912939272681,right,2.714985621702702,2.1100399437837067,0.6666666666666666,1.75,"[2, 0, 2, 3]",4,6
4,34,1.8853068286471268,0.932999363869617,2.030997333306651,right,2.678290854459704,2.1086766170465636,0.0,nan,[],0,6
4,35,1.6256493805321686,-0.23390582924461423,1.4805338900393463,right,2.709286922404307,2.1144507067568172,0.16666666666666666,3.0,[3],1,6
4,36,2.417340967631024,0.1378874373736657,0.9363440406528712,right,2.665306578634464,2.1097153421796246,0.0,nan,[],0,6
4,37,0.039558118888769256,0.5254376645198542,1.2488775243785035,left,2.6994771473650623,2.1100399437837063,0.0,nan,[],0,6
4,38,3.417226477564573,0.15048692531721708,1.8528832796967025,left,2.6571723157253135,2.1101790587568843,0.0,nan,[],0,6
4,39,-0.6380570970828372,-0.036730583260494054,0.6450840325091094,left,2.6816331757464247,2.108457510963808,0.0,nan,[],0,6
4,40,3.297249510937794,-0.03427441841500012,1.751077014360639,right,2.67101302073584,2.1088226877684,0.0,nan,[],0,6
4,41,-0.7513378922380151,0.25279885436774063,2.1097057163559065,right,2.630095248432517,2.1067644185061547,0.0,nan,[],0,6
4,42,3.531652709505887,-0.22177951056645573,1.9725190165630493,left,2.6765706035061343,2.1086766170465636,0.16666666666666666,1.0,[1],1,6
4,43,2.8233904425799183,0.9726605141418976,1.100301469367124,right,2.6686828623164587,2.1099514160735025,0.0,nan,[],0,6
4,44,1.9895832895201608,0.5156021616012647,0.285620454158541,left,2.6630585795575943,2.1089270239982834,0.16666666666666666,4.0,[4],1,6
4,45,0.5996111046275545,-0.3454745313268247,2.2806429142835105,right,2.6817130128364357,2.1105643002210694,0.0,nan,[],0,6
4,46,3.3977087355640183,0.7065606675917455,1.5076447427798003,left,2.6513463779822746,2.1103263569637787,0.0,nan,[],0,6
4,47,2.691722289669247,-0.14312479720662352,2.012572302604137,left,2.688964949001688,2.1090661389714613,0.0,nan,[],0,6
4,48,-0.14735809761856755,0.5295051080049058,0.3260048502386311,left,2.6812400764523296,2.1105643002210694,0.0,nan,[],0,6
4,49,-0.486028602672007,-0.10238685077766263,0.5356962130694333,left,2.6583515429002778,2.1115449148571765,0.16666666666666666,4.0,[4],1,6
5,0,2.1148038424036057,-0.48180902736616726,2.1881130506624262,left,2.5478759579655423,2.0717820025500084,0.3333333333333333,0.5,"[1, 0]",2,6
5,1,2.1565875448686693,0.7686154680717097,1.723710156196765,right,2.5180431196187913,2.0717820025500084,0.0,nan,[],0,6
5,2,0.6684634921703212,0.530317219524062,1.2185863815181368,left,2.5249779391473997,2.0730020356693974,0.16666666666666666,1.0,[1],1,6
5,3,-0.05152409736233565,0.16072203316857447,0.7237377880160104,right,2.5118308084815815,2.0717820025500084,0.16666666666666666,2.0,[2],1,6
5,4,-0.9455258027251653,0.5700447471795491,0.5519315480376812,right,2.5157903772190324,2.0734515215554885,0.0,nan,[],0,6
5,5,1.121813731214293,0.2772682478947226,1.2085606935804682,left,2.512513227417671,2.074425407642018,0.16666666666666666,2.0,[2],1,6
5,6,0.015631164182393853,0.18994004184421942,0.4435408708862277,right,2.5179067671219326,2.0742220687887865,0.5,1.6666666666666667,"[1, 1, 3]",3,6
5,7,0.7465255177194805,-0.5460446583204855,2.0872033812615163,left,2.5192628920139493,2.0717820025500084,0.0,nan,[],0,6
5,8,0.27837296439835657,0.8425294807685761,2.1289232123338797,right,2.530011108473938,2.0717820025500084,0.16666666666666666,4.0,[4],1,6
5,9,-0.49178134171828836,0.08176058024818589,1.7970817114714364,left,2.5343975911977004,2.073764556369016,0.0,nan,[],0,6
5,10,1.6360171584955783,-0.4492455732971671,1.9379880776642937,left,2.536295763264697,2.0717820025500084,0.16666666666666666,2.0,[2],1,6
5,11,1.2285536836322777,0.36560482140699624,1.5691338080050088,right,2.5419537358369735,2.0742220687887865,0.0,nan,[],0,6
5,12,-0.7119584361021549,-0.6608322906629496,0.8236774499329995,right,2.5540420604586753,2.0731037050960133,0.3333333333333333,0.0,"[0, 0]",2,6
5,13,-0.22907309889569483,-0.200089894328084,1.2448217341320176,left,2.5436469377913498,2.0726631375806783,0.0,nan,[],0,6
5,14,2.281775458075607,0.7405828059630806,0.5892533918017958,left,2.498316135610991,2.0717820025500084,0.16666666666666666,4.0,[4],1,6
5,15,0.35734288903519174,0.309177927335059,1.2042660949874944,right,2.5296377274091033,2.073368045605214,0.16666666666666666,0.0,[0],1,6
5,16,0.27475155689126884,0.3338619295388283,1.7112328167807371,right,2.543190121563267,2.074286281058228,0.16666666666666666,5.0,[5],1,6
5,17,-0.30337111784592663,0.9040005583743633,1.9834024401808266,right,2.5367181273350994,2.073647935556133,0.16666666666666666,5.0,[5],1,6
5,18,-0.7580187162968074,0.1525340576188874,0.3433749834661941,left,2.5080863108161413,2.073368045605214,0.0,nan,[],0,6
5,19,2.4914452025808145,0.4446793913423699,1.4475466120126317,left,2.5255508209094706,2.0717820025500084,0.0,nan,[],0,6
5,20,1.7316090029099422,-0.1954264398532095,1.6713651381341028,left,2.5001485767739466,2.073368045605214,0.0,nan,[],0,6
5,21,2.9798859185829376,0.6384923741080069,0.8507297107482434,right,2.49942597211443,2.0734515215554885,0.0,nan,[],0,6
5,22,3.2736664869775556,0.15605937636726108,0.8878670608881951,left,2.482436202370176,2.0717820025500084,0.0,nan,[],0,6
5,23,1.884967515943063,0.7460712580032169,1.6316073177294905,left,2.5537720845886813,2.0717820025500084,0.0,nan,[],0,6
5,24,3.070068464850781,0.9950111550968614,0.3598518028948681,right,2.5252311223309047,2.0727732794595117,0.0,nan,[],0,6
5,25,0.6675316498517168,-0.44742822200424465,1.8122808476054861,right,2.5609807319873115,2.0717820025500084,0.0,nan,[],0,6
5,26,-0.596180990983546,-0.08226955857750806,1.3808595436168598,left,2.5080468603703387,2.0727732794595117,0.0,nan,[],0,6
5,27,2.962658287387853,0.16992547509051026,1.5263512790858271,left,2.527702115218166,2.0717820025500084,0.0,nan,[],0,6
5,28,0.028051281308316467,-0.6019588210132493,2.1751529348331484,left,2.530699679363044,2.0734515215554885,0.0,nan,[],0,6
5,29,1.909541860952583,0.8400494078333689,0.13435588295976156,right,2.5664550330653952,2.0717820025500084,0.16666666666666666,0.0,[0],1,6
5,30,0.43012695028766235,0.5094288598757732,1.051720198335464,left,2.4850603403942446,2.073368045605214,0.3333333333333333,4.5,"[3, 6]",2,6
5,31,-0.3597145298351586,-0.4077993790348574,1.9278285772970791,left,2.5150868916666744,2.073544272611348,0.0,nan,[],0,6
5,32,-0.6662424521051044,0.13752878629335408,1.2996569909606264,right,2.55376360528453,2.0717820025500084,0.16666666666666666,2.0,[2],1,6
5,33,-0.43903210872120646,0.20228134733573655,1.123608657646807,right,2.5323558369123016,2.074425407642018,0.0,nan,[],0,6
5,34,0.6925898048936778,0.1921335135773664,1.7614700822561444,right,2.557215016370036,2.076540131715626,0.16666666666666666,2.0,[2],1,6
5,35,3.158022084914492,-0.20288941022380358,2.149316748720197,left,2.5993103321546234,2.073647935556133,0.3333333333333333,0.5,"[1, 0]",2,6
5,36,0.012629206413293126,-0.19008549683326315,1.8314186771513368,left,2.546411808843987,2.074719119318908,0.16666666666666666,3.0,[3],1,6
5,37,-0.11144831017922985,0.5728376618483109,1.626664801031609,left,2.5356567860373858,2.073544272611348,0.16666666666666666,5.0,[5],1,6
5,38,0.14296179147222676,0.892956356842245,1.4669710948693275,right,2.5108749219001516,2.072914890446584,0.0,nan,[],0,6
5,39,1.7916163994943366,0.11723713675999792,0.8863909584305031,left,2.531484359362271,2.0717820025500084,0.0,nan,[],0,6
5,40,0.5320712869181792,0.5114205353639127,2.205781609144678,left,2.5588477216133243,2.074425407642018,0.3333333333333333,3.0,"[3, 3]",2,6
5,41,-0.9465193480968656,0.6685134845547629,1.559139556959147,left,2.550439319474591,2.0732238598729227,0.16666666666666666,4.0,[4],1,6
5,42,1.8674675360107744,0.657191246945745,0.574804176615515,left,2.5526114303040974,2.072575024077611,0.0,nan,[],0,6
5,43,0.9532426384039088,-0.33410469918962893,1.4878942429889188,left,2.493849062754313,2.0732238598729227,0.0,nan,[],0,6
5,44,1.1432689269056726,0.731201125961809,1.3311717797705342,right,2.526424807866544,2.072914890446584,0.16666666666666666,6.0,[6],1,6
5,45,2.9103263202947707,0.6161927897008077,1.8975086678351833,right,2.5177634895311845,2.0730020356693974,0.0,nan,[],0,6
5,46,-0.9765968662756843,0.7049372339839641,1.041742236165689,right,2.502030828329931,2.0717820025500084,0.0,nan,[],0,6
5,47,2.9692940790490994,0.16942756146768678,0.585222665883004,right,2.541866880588075,2.073544272611348,0.16666666666666666,2.0,[2],1,6
5,48,2.0306567726204814,0.1786387403429328,1.3721039694195238,left,2.5045122838399223,2.0730020356693974,0.0,nan,[],0,6
5,49,0.9035432271001267,0.7557708838071702,1.367419950614832,right,2.5504551408923954,2.0732238598729227,0.16666666666666666,1.0,[1],1,6
6,0,-0.5255369245625854,-0.550152341884282,1.826116060610201,right,2.4888154798347433,2.1082641820672596,0.16666666666666666,4.0,[4],1,6
6,1,1.9831710130560345,0.6701890487007127,1.9396432823288008,left,2.5155826340450607,2.1080923341592164,0.0,nan,[],0,6
6,2,3.390895146865163,0.06806159442362636,1.240235978694024,right,2.529167628264435,2.106519264847128,0.0,nan,[],0,6
6,3,2.3111753989867374,0.058986712586664436,1.7270254541205377,left,2.5276543555479303,2.1066316269408483,0.16666666666666666,0.0,[0],1,6
6,4,2.6298527468621056,-0.2282145771295262,2.0575093869240546,left,2.499313735395679,2.1088611274320415,0.16666666666666666,3.0,[3],1,6
6,5,0.2839533063768789,0.4178541573364183,1.374894430016992,right,2.543169833007458,2.1066316269408483,0.3333333333333333,1.0,"[1, 1]",2,6
6,6,2.6069638767464207,0.26332192194883686,0.5409873421682789,right,2.477823654640004,2.106519264847128,0.0,nan,[],0,6
6,7,-0.2661155642411941,0.35667374858925216,2.056202934759927,left,2.455003163046736,2.1051709197224806,0.0,nan,[],0,6
6,8,-0.07939410805616909,-0.2835577315613423,1.1006808767485798,right,2.4914797398153494,2.1080923341592164,0.0,nan,[],0,6
6,9,1.0970334805069566,0.961317609877977,0.13096635874185064,left,2.5069337215565533,2.1073619805500323,0.16666666666666666,4.0,[4],1,6
6,10,0.1825605340999905,0.9069011416802069,1.0433090514202648,right,2.579614817814868,2.1051709197224806,0.3333333333333333,1.0,"[2, 0]",2,6
6,11,-0.7103476178678177,0.11396864794107042,0.8192635501823056,left,2.466193821786639,2.107867609971775,0.0,nan,[],0,6
6,12,0.7054189944130322,0.15526910813892592,0.29205535062858845,right,2.5141513484962785,2.1080923341592164,0.16666666666666666,2.0,[2],1,6
6,13,2.981589641053515,0.6325826915237955,1.4824212634653544,left,2.5054277492212718,2.107118529346971,0.0,nan,[],0,6
6,14,1.2777837605335414,0.8235269230885132,1.7853657821636149,right,2.51730551220308,2.1067644185061547,0.3333333333333333,2.0,"[1, 3]",2,6
6,15,2.3026595816029043,0.15833899193515266,0.5947249085255971,left,2.5063201978080607,2.106047344053501,0.0,nan,[],0,6
6,16,-0.2604053434676087,-0.32365110587021245,0.3573524732973631,right,2.480933358194465,2.107016023577261,0.0,nan,[],0,6
6,17,1.762002513362635,-0.6251970244064878,1.5830596886824437,right,2.5282982192055257,2.1051709197224806,0.0,nan,[],0,6
6,18,0.01149137187328586,0.132893277247915,2.266668377461328,right,2.5489334989619654,2.106923768384522,0.16666666666666666,0.0,[0],1,6
6,19,-0.7902463773265991,0.5217831736865715,0.8092647435707183,left,2.50102224774254,2.1076749892396824,0.0,nan,[],0,6
6,20,-0.21319548528765742,0.7703078733096203,1.4196656717739256,left,2.4901793291698318,2.106923768384522,0.16666666666666666,3.0,[3],1,6
6,21,3.1141135407560245,0.677411270079723,1.581938209502269,right,2.532956517000187,2.1079385755046514,0.16666666666666666,2.0,[2],1,6
6,22,-0.6045937925627928,-0.1864596412950137,0.8998016595695161,left,2.5037214840020594,2.10620200717074,0.0,nan,[],0,6
6,23,1.531442794121888,0.06583902562549881,0.5936699098238339,right,2.497184801773628,2.1078001927155428,0.16666666666666666,2.0,[2],1,6
6,24,0.18683562796557496,-0.1198236523330446,1.8277844862332522,left,2.542746399583781,2.1073619805500323,0.0,nan,[],0,6
6,25,0.08537428670881742,0.5508897556685721,0.8908932572749197,right,2.518532851230699,2.109295269515519,0.0,nan,[],0,6
6,26,1.5683254855047286,0.28562174360787085,0.44248885056798604,left,2.5352160525599725,2.108457510963808,0.0,nan,[],0,6
6,27,-0.7069329489641443,0.014632671892505278,0.42663512873945875,left,2.5015729830541376,2.1089270239982834,0.0,nan,[],0,6
6,28,1.2403423066261259,0.6191051071067366,1.5245257765953182,right,2.4950492828797626,2.1079385755046514,0.0,nan,[],0,6
6,29,-0.7076657944842215,0.3581452543333987,1.1100269747289235,left,2.4705456892525954,2.1051709197224806,0.0,nan,[],0,6
6,30,3.032875000483715,-0.3091851800593542,1.5108338337552747,right,2.544227652270047,2.1051709197224806,0.0,nan,[],0,6
6,31,0.22208386122187607,0.732341258283804,1.3398787637610268,left,2.5472951285365943,2.1090661389714613,0.16666666666666666,6.0,[6],1,6
6,32,0.9310178067524415,0.4618678226377295,1.3912030911479931,right,2.551669948197891,2.1051709197224806,0.5,2.6666666666666665,"[2, 4, 2]",3,6
6,33,3.726574248793286,-0.4755726274368389,2.2681094521355405,left,2.4920097883567474,2.106144724534726,0.0,nan,[],0,6
6,34,-0.24010194638449578,-0.2934418184626827,1.5747191302860992,right,2.5605818081194713,2.106923768384522,0.3333333333333333,3.0,"[5, 1]",2,6
6,35,-0.5318053739763658,-0.4359372636272762,1.129938521184727,left,2.4974090383871066,2.109295269515519,0.0,nan,[],0,6
6,36,-0.2770388315607982,-0.46037552792370495,1.4006116031265474,left,2.518272207258024,2.1058201229306444,0.3333333333333333,1.0,"[1, 1]",2,6
6,37,2.2906847023825248,0.7064974813188682,2.111049938062436,left,2.545421599043369,2.1090661389714613,0.16666666666666666,0.0,[0],1,6
6,38,-0.21802296573233426,0.10146102142418523,1.304073252731324,left,2.5161827261977794,2.1076749892396824,0.16666666666666666,5.0,[5],1,6
6,39,0.8401465405378343,-0.14493763493382317,1.5836922422894013,right,2.4991651682350233,2.108457510963808,0.0,nan,[],0,6
6,40,-0.24816927597615246,0.8289515875777467,1.7026197281626902,left,2.511502909497411,2.1059012733316647,0.0,nan,[],0,6
6,41,-0.04164416808130089,0.9218311016350198,0.9531060422999056,left,2.4825177968953445,2.1083579172898284,0.0,nan,[],0,6
6,42,-0.7417891005277846,0.29521279107661424,2.1271142109936543,right,2.5333530653216374,2.106923768384522,0.0,nan,[],0,6
6,43,-0.23569463926967815,0.04417103134109934,2.17704669523501,left,2.5046415653204246,2.1051709197224806,0.0,nan,[],0,6
6,44,1.275063235984533,-0.6447119626221013,1.7702137602622958,left,2.5237194642619474,2.1089270239982834,0.3333333333333333,4.5,"[3, 6]",2,6
6,45,-0.7274603594689452,0.6826556789094431,0.03319938255897657,right,2.524288465713763,2.1051709197224806,0.0,nan,[],0,6
6,46,2.5712847036723345,-0.6691655558534337,1.5556981273838144,left,2.5264431994322507,2.10620200717074,0.16666666666666666,0.0,[0],1,6
6,47,1.447912622928548,0.08778498762597398,0.5545701746218763,left,2.5117098557600124,2.1090661389714613,0.16666666666666666,0.0,[0],1,6
6,48,3.455199921995508,0.4912846073262167,1.4161935997347694,right,2.467398531620995,2.106519264847128,0.0,nan,[],0,6
6,49,1.3887155035237742,-0.6710652037069276,1.677333307065327,right,2.503024055263932,2.1051709197224806,0.0,nan,[],0,6
7,0,0.32717107788117294,0.8001840669192957,1.8308187974437746,right,2.2964255637608084,2.1082641820672596,0.3333333333333333,1.5,"[2, 1]",2,6
7,1,-0.17179029345164765,-0.49703798884163564,1.2193471393414637,right,2.274067111707618,2.109553041377584,0.16666666666666666,5.0,[5],1,6
7,2,2.6914488153437874,0.5016645544379574,1.6226772834001812,right,2.281210204321896,2.1105643002210694,0.0,nan,[],0,6
7,3,1.1111195630858486,0.25249692381307753,1.7616090604888033,right,2.302803540158598,2.11247445581432,0.16666666666666666,4.0,[4],1,6
7,4,1.1620710269178312,-0.5443084355010537,2.0934019203801415,right,2.2608328721458606,2.1116287832142118,0.0,nan,[],0,6
7,5,3.8526829748050186,-0.4389319738258933,2.2817533170638025,left,2.230069369777485,2.1080923341592164,0.0,nan,[],0,6
7,6,-0.9577791875331279,0.40738434677986657,1.6052932344449786,left,2.2745779427931105,2.1092159550964222,0.0,nan,[],0,6
7,7,-0.27152989882474465,-0.17252677831869867,1.6609057571481287,left,2.2835013696169604,2.1051709197224806,0.3333333333333333,2.0,"[2, 2]",2,6
7,8,2.6013340829018867,0.5248412333434118,1.7926372338415926,left,2.281287526025558,2.1139351630326875,0.0,nan,[],0,6
7,9,2.8569815338302478,0.3917346789071745,2.0793952291259323,left,2.2641508027327513,2.1128396326189116,0.0,nan,[],0,6
7,10,1.2326600606391924,0.9034554386695381,0.5480662611077655,right,2.2930756172645363,2.109845182821257,0.0,nan,[],0,6
7,11,-0.6975950269382749,-0.358423458575185,0.2399179053258078,right,2.270210469919944,2.107867609971775,0.16666666666666666,3.0,[3],1,6
7,12,-0.06024119845090736,0.04944652012876449,1.2831408503245791,right,2.264550098967644,2.1051709197224806,0.16666666666666666,2.0,[2],1,6
7,13,1.1465825218222028,-0.631641397378941,1.9214791676431027,left,2.2816101545342753,2.1110137485959517,0.0,nan,[],0,6
7,14,3.8448777494267636,-0.019432232052330245,1.5712945444908004,right,2.208832962223895,2.1083579172898284,0.0,nan,[],0,6
7,15,2.1559970514710027,0.48155471332773647,1.202223011407985,left,2.2572063646994978,2.1113058900396253,0.0,nan,[],0,6
7,16,1.5518620372757903,0.5139756308875576,1.1331008348732192,right,2.295015014898691,2.1051709197224806,0.3333333333333333,3.5,"[2, 5]",2,6
7,17,2.886195672634554,0.7389983698572551,0.5169212750959576,left,2.2413707400561234,2.10620200717074,0.0,nan,[],0,6
7,18,2.184798317350226,0.22953525056331048,1.6943119740208261,left,2.2504526839478776,2.1104294657086045,0.0,nan,[],0,6
7,19,2.8123724603175346,-0.19123234448497273,2.131275580585872,left,2.2548528658582776,2.1064229544810815,0.0,nan,[],0,6
7,20,-0.8807013218505269,-0.12425055584778755,0.1704068214795258,left,2.2946720698466097,2.1104294657086045,0.16666666666666666,1.0,[1],1,6
7,21,2.975923042565985,0.8953632746194198,2.0163037616126545,left,2.3121657665125768,2.1097836793594316,0.16666666666666666,0.0,[0],1,6
7,22,2.636136667269829,0.8877341311404565,0.21010596748812793,right,2.2796237117255864,2.1072330946189997,0.0,nan,[],0,6
7,23,-0.23904796154510877,0.08142922451222767,0.7088992044845089,right,2.247575409245946,2.1139351630326875,0.16666666666666666,3.0,[3],1,6
7,24,1.915906762933767,0.9244592027080156,0.21735375909875151,left,2.26498064939816,2.1117441022051353,0.0,nan,[],0,6
7,25,3.65024905812074,0.3960362435879188,2.014033641136779,right,2.267729966258988,2.1123885318602977,0.0,nan,[],0,6
7,26,3.712091016021483,0.0760801060170242,1.0892853771147977,left,2.1943535984297764,2.1128396326189116,0.0,nan,[],0,6
7,27,-0.07635293956329858,-0.13350957034420075,1.5616816284426267,left,2.2920816633823464,2.1089270239982834,0.16666666666666666,4.0,[4],1,6
7,28,3.059689424110304,0.06258372603321793,0.2887342676333388,right,2.254195750992925,2.1116287832142118,0.0,nan,[],0,6
7,29,1.9242167413502163,0.9672354865220469,0.8679867420458192,left,2.317168764790256,2.1066316269408483,0.3333333333333333,1.0,"[1, 1]",2,6
7,30,1.3882271360226532,0.009430167529870803,2.2949787982395917,right,2.293394832994742,2.109553041377584,0.0,nan,[],0,6
7,31,0.0678931369753153,-0.24509885808636583,1.5776304272262938,right,2.2766764993713107,2.109066138971462,0.16666666666666666,3.0,[3],1,6
7,32,0.8246188308926765,0.5006999083713164,0.879110036373684,right,2.339266819949165,2.1151871977912884,0.3333333333333333,0.0,"[0, 0]",2,6
7,33,1.3337266461582558,0.7824421946414373,1.9381395908920702,left,2.3016650048042817,2.1110137485959517,0.0,nan,[],0,6
7,34,3.1071035493405432,0.6014478874909215,0.4617299625704788,left,2.2655772966841474,2.1104294657086045,0.16666666666666666,8.0,[8],1,6
7,35,3.070755765787527,0.0059794176689134115,0.895984586042435,left,2.25752099587296,2.111357444412038,0.0,nan,[],0,6
7,36,2.248509420527249,0.0991807693000809,1.3439384525855107,left,2.2718241520009546,2.109066138971461,0.0,nan,[],0,6
7,37,1.286457146516991,0.36264408959268635,1.1261872901114691,left,2.271434212415316,2.1110137485959517,0.0,nan,[],0,6
7,38,1.0548880708910993,0.903877557464908,1.2306689131699275,right,2.2629921680943794,2.1089270239982834,0.5,4.333333333333333,"[1, 5, 7]",3,6
7,39,0.44439027583624435,0.2926712933730815,1.179654162944469,left,2.299313411956065,2.122699406342894,0.5,1.0,"[0, 3, 0]",3,6
7,40,2.2272077332955647,0.4523838106236666,0.2963699301873214,right,2.238014366119124,2.1080923341592164,0.0,nan,[],0,6
7,41,1.7797031654615112,-0.42293113095205287,1.5191118552548857,left,2.2532566193861348,2.1115449148571765,0.0,nan,[],0,6
7,42,1.4675897060770975,0.44395702296849704,1.0490782564671355,left,2.2747977474833125,2.1104294657086045,0.0,nan,[],0,6
7,43,1.0912377348267697,-0.5934892040027616,1.746951660070585,right,2.2714591452825332,2.1067644185061547,0.0,nan,[],0,6
7,44,-0.9120006140007655,0.22802966899616295,2.0891539301277113,right,2.2732595766193855,2.1126831282740866,0.0,nan,[],0,6
7,45,2.3773240109196383,0.054695654295879303,0.7483506793155155,left,2.284802561615672,2.106519264847128,0.16666666666666666,6.0,[6],1,6
7,46,2.2795789824766604,0.18262009227512976,0.6364461583157732,left,2.257402419780566,2.1123885318602977,0.0,nan,[],0,6
7,47,-0.7590419795136446,-0.1715651026677676,1.961837671868979,right,2.2744575666333255,2.111987553408197,0.16666666666666666,1.0,[1],1,6
7,48,0.670592061555312,0.7485120170798159,0.8408325780230349,left,2.2963812834565887,2.1119126453457167,0.6666666666666666,2.25,"[0, 2, 3, 4]",4,6
7,49,3.911544719813696,0.06834603311920795,0.1380659728271313,right,2.2300769276839074,2.1051709197224806,0.0,nan,[],0,6
8,0,-0.18417131411362608,0.25236815846386684,1.387074299928226,left,2.5569875182791413,2.109295269515519,0.16666666666666666,0.0,[0],1,6
8,1,0.9182819691498343,0.20882601568176518,0.9273495841269943,left,2.5576231549105786,2.1051709197224806,0.16666666666666666,4.0,[4],1,6
8,2,1.1945151902353688,0.8095649462331707,1.5898117299963208,right,2.6037769236108916,2.107867609971775,0.3333333333333333,3.0,"[5, 1]",2,6
8,3,-0.9943563869615282,0.026160536083887354,0.06217868150490246,left,2.579916836782706,2.1066316269408483,0.0,nan,[],0,6
8,4,2.005519251292345,-0.14952134257354488,2.0676143076272298,left,2.584805521980833,2.1088611274320415,0.0,nan,[],0,6
8,5,2.6804641328474856,0.336500214582115,1.8848332943334771,left,2.5299059110963213,2.1080923341592164,0.0,nan,[],0,6
8,6,1.8837406956710616,-0.6291935202765038,2.1748107925665883,left,2.5862719750488963,2.107867609971775,0.0,nan,[],0,6
8,7,-0.5938415283835637,0.9157854092894981,1.1433229736973414,right,2.607407882824558,2.1076749892396824,0.16666666666666666,0.0,[0],1,6
8,8,-0.9855707760838636,-0.3694261749214114,0.9318828342316452,left,2.5685254398605064,2.1066316269408483,0.3333333333333333,0.0,"[0, 0]",2,6
8,9,0.8285085202387759,0.48576965454669785,0.8674079383436686,right,2.621020213655516,2.1051709197224806,0.6666666666666666,1.0,"[1, 0, 2, 1]",4,6
8,10,2.3059341296266536,-0.415254932345579,1.6535033284684586,left,2.5742884413103617,2.1063394854971746,0.0,nan,[],0,6
8,11,2.9330293981851177,0.18560888372484963,1.7249421469872237,left,2.5943655983824416,2.1051709197224806,0.0,nan,[],0,6
8,12,0.9814652755796902,-0.12234022532679367,1.5415111511528559,left,2.605127455596122,2.109553041377584,0.0,nan,[],0,6
8,13,0.8087527636641405,-0.22628830092538554,2.251366099460091,left,2.601002546802489,2.106144724534726,0.0,nan,[],0,6
8,14,3.1064043689839558,0.4274138839011121,1.6824272212284235,left,2.584160146051301,2.1067644185061547,0.0,nan,[],0,6
8,15,1.7013193398478972,0.9185417611187312,0.3930721579897827,right,2.592736010817043,2.1051709197224806,0.16666666666666666,2.0,[2],1,6
8,16,2.6120583480862223,0.6667604928582753,1.637874498440598,right,2.577554233653222,2.1079385755046514,0.0,nan,[],0,6
8,17,1.8424203932413135,-0.6544304000800649,1.5869018758011746,left,2.568603428444993,2.10620200717074,0.16666666666666666,3.0,[3],1,6
8,18,3.4050167782618663,0.03963287914970137,0.07166462539048207,right,2.553968089744004,2.1051709197224806,0.0,nan,[],0,6
8,19,2.3410210629689985,0.15242981979410308,1.1275004665457662,left,2.5681987530487436,2.1064229544810815,0.0,nan,[],0,6
8,20,-0.9360788615655843,0.8759189284198583,1.8395455470381885,left,2.6215007690516874,2.106923768384522,0.3333333333333333,4.5,"[6, 3]",2,6
8,21,1.5303844095379646,0.6542157112200091,1.3771763837686999,left,2.577479524248683,2.1060934716498707,0.0,nan,[],0,6
8,22,3.0198843853188757,0.42559938296097255,0.9114610532491532,left,2.5623414055039797,2.109295269515519,0.0,nan,[],0,6
8,23,2.0440763607799664,0.6587253348466637,0.7985123079950365,right,2.5696624036406788,2.1078001927155428,0.16666666666666666,2.0,[2],1,6
8,24,1.1831323330268395,0.8888782642623041,0.09151016216389739,left,2.5864992750271196,2.1073619805500323,0.0,nan,[],0,6
8,25,2.4493634597747,0.8474106080365098,0.5357436843988037,left,2.610556422056455,2.107233094619,0.16666666666666666,0.0,[0],1,6
8,26,1.7314803776444432,0.8379277333673956,1.1067541374032874,right,2.5619135197325007,2.1051709197224806,0.0,nan,[],0,6
8,27,2.8765785419939935,0.4690975937950632,1.3589152487970706,left,2.5983881148600854,2.1101790587568843,0.0,nan,[],0,6
8,28,-0.7195885317192898,0.25605651827037856,1.45473351495608,left,2.5825481201069156,2.1088611274320415,0.16666666666666666,7.0,[7],1,6
8,29,2.2369948633741212,0.9457391047766672,0.8825088859417355,right,2.5708066614368565,2.1066316269408483,0.0,nan,[],0,6
8,30,3.7102938888010746,0.4429641072410506,1.3682991144660668,right,2.578482002893013,2.106923768384522,0.0,nan,[],0,6
8,31,-0.35673400255918386,-0.24894920150777167,0.2702723920798846,right,2.580976137809102,2.1051709197224806,0.16666666666666666,3.0,[3],1,6
8,32,0.27914150623136536,0.6119308732173752,1.0074121292788725,left,2.5556941996599996,2.1076749892396824,0.16666666666666666,2.0,[2],1,6
8,33,1.4950954616642393,0.7326069516941183,1.05306740277323,left,2.554561239223821,2.1080923341592164,0.16666666666666666,3.0,[3],1,6
8,34,0.1396225374455149,-0.11050041796643195,1.8248010978889695,left,2.567217807465868,2.1086766170465636,0.0,nan,[],0,6
8,35,3.5127609033225466,0.9596611861764976,1.5942321618018631,right,2.577666718060662,2.1072330946189997,0.0,nan,[],0,6
8,36,3.7868761296495546,-0.6361387569631551,2.0147201717295755,left,2.601685816437963,2.106469326138807,0.0,nan,[],0,6
8,37,0.9627530197273524,0.2567543423283303,2.027264631356207,left,2.58700060076391,2.1080923341592164,0.16666666666666666,4.0,[4],1,6
8,38,2.838421534666436,0.2738916849943783,0.42961264631308227,left,2.5693490973666133,2.1064229544810815,0.0,nan,[],0,6
8,39,-0.9851563022440687,0.8203925059300425,0.912064904548563,right,2.5937987852485875,2.1062664501362565,0.0,nan,[],0,6
8,40,0.4009223393242949,0.2176138885235418,0.5550347215892242,right,2.581708780860055,2.1066316269408483,0.16666666666666666,2.0,[2],1,6
8,41,0.2525424839466004,0.9236896364895193,0.5536106961165298,right,2.595665913394315,2.1067644185061547,0.16666666666666666,8.0,[8],1,6
8,42,2.0165662307531367,0.28806153823731895,0.11193510183449122,left,2.5857028799090966,2.106047344053501,0.0,nan,[],0,6
8,43,2.2588729029266936,0.5972927290963246,1.8488221992911336,right,2.5740188152978956,2.1083579172898284,0.0,nan,[],0,6
8,44,3.33013592086372,0.5304267684302331,1.0283331476063708,left,2.5320674986061147,2.1064229544810815,0.0,nan,[],0,6
8,45,0.6391440986092654,-0.4757471095262781,1.931982497146284,left,2.5447357978886966,2.107867609971775,0.16666666666666666,4.0,[4],1,6
8,46,-0.8130772744243733,-0.38107148053305184,0.9454723385938192,right,2.6204051137647912,2.10620200717074,0.3333333333333333,1.0,"[1, 1]",2,6
8,47,-0.27581964074433385,0.5558279650344324,0.7162675998033778,right,2.5804124810501534,2.1051709197224806,0.5,3.3333333333333335,"[4, 5, 1]",3,6
8,48,2.4677713197927047,0.1263433395809409,1.9077281813083367,left,2.597714419139509,2.1092159550964222,0.0,nan,[],0,6
8,49,0.4531544933190199,0.31495973413194345,0.7065029735176566,left,2.5322805989117647,2.11313841364085,0.0,nan,[],0,6
9,0,1.8765463511841811,0.5671570315445729,0.793688541371142,right,2.521897846908072,2.1051709197224806,0.16666666666666666,1.0,[1],1,6
9,1,0.7533391280259432,0.7088478080883989,1.389783795385466,left,2.5383502152461195,2.1051709197224806,0.0,nan,[],0,6
9,2,1.2619130889991688,0.4378804858208385,2.289701428404528,left,2.5347293360073024,2.106519264847128,0.16666666666666666,5.0,[5],1,6
9,3,2.91774779879083,0.5648620453601132,0.0949040475772379,left,2.5079932064289205,2.1066316269408483,0.0,nan,[],0,6
9,4,3.289923640168353,0.06531367345995442,1.0841287761993523,right,2.531863734622915,2.1060934716498707,0.0,nan,[],0,6
9,5,-0.4827387071894176,-0.27213292829769564,2.053826597541885,left,2.531048132181357,2.1080923341592164,0.0,nan,[],0,6
9,6,3.886152756513857,0.4551180149523739,1.0724985900920359,right,2.4787947268796526,2.1051709197224806,0.0,nan,[],0,6
9,7,-0.5882607221642996,-0.5106311222159299,1.1723770038151191,right,2.5634459423247846,2.1051709197224806,0.0,nan,[],0,6
9,8,1.6624676271202703,0.8065673838058629,0.9712830659866732,right,2.5087644745213216,2.1051709197224806,0.0,nan,[],0,6
9,9,0.3538601226955689,0.18221966849328397,0.8481838716276813,left,2.548181386408898,2.1073619805500323,0.0,nan,[],0,6
9,10,3.287779153052945,0.9546534465048788,1.936066223570659,right,2.5447999850572867,2.1063394854971746,0.0,nan,[],0,6
9,11,0.10980561359001806,0.6222917172336639,1.1192283682386104,left,2.522785883977835,2.106519264847128,0.16666666666666666,2.0,[2],1,6
9,12,0.5140217268161886,-0.4717582616900273,2.0462714032109823,right,2.5314980913278142,2.1066316269408483,0.0,nan,[],0,6
9,13,1.618196953596784,0.972637826334358,1.9477833189419662,right,2.4840624774424653,2.106144724534726,0.0,nan,[],0,6
9,14,2.773942649089353,0.5214787576169435,1.4180087269712323,right,2.581292124135992,2.1051709197224806,0.16666666666666666,0.0,[0],1,6
9,15,1.3418815231581762,-0.1509562780065793,1.9586735044832941,right,2.521829062195955,2.1051709197224806,0.0,nan,[],0,6
9,16,0.01643263863173061,0.10972906994691034,1.6988922759154466,right,2.5451188440154606,2.107016023577261,0.16666666666666666,3.0,[3],1,6
9,17,1.540075710577256,0.988498454433409,0.5497490613217135,right,2.545016182727809,2.1072330946189997,0.5,4.333333333333333,"[4, 4, 5]",3,6
9,18,-0.3836868482540564,-0.3068342314770525,1.2973863147935498,left,2.558840692420247,2.1051709197224806,0.3333333333333333,2.0,"[2, 2]",2,6
9,19,1.8157308034541928,0.6864465883586821,0.2456972153909189,right,2.507888305795096,2.1064229544810815,0.16666666666666666,7.0,[7],1,6
9,20,0.7875128696098082,0.4975064053761642,1.3547642012374397,right,2.5676120559435662,2.106923768384522,0.3333333333333333,1.0,"[1, 1]",2,6
9,21,2.6247476500085236,0.9530774621792575,2.2268352140758556,right,2.526570228405799,2.1088611274320415,0.16666666666666666,5.0,[5],1,6
9,22,2.2173680010050267,0.4282877466441486,1.0217030458803538,left,2.508456699866971,2.10620200717074,0.16666666666666666,0.0,[0],1,6
9,23,-0.1022951668947949,0.9391722903624082,0.7817806479044922,right,2.5884327810721577,2.1078001927155428,0.16666666666666666,1.0,[1],1,6
9,24,-0.7015645107985321,0.30386096548543895,1.6051636770214779,left,2.515916146128457,2.1073619805500323,0.16666666666666666,3.0,[3],1,6
9,25,2.2149050006707105,0.30225189392099305,1.2187190710413751,right,2.5825631248032486,2.1051709197224806,0.16666666666666666,2.0,[2],1,6
9,26,3.2915417108757516,-0.5284110415663602,1.4519596282738927,left,2.622091199424492,2.1051709197224806,0.5,0.0,"[0, 0, 0]",3,6
9,27,1.9417361458033047,-0.07926234686735922,1.4686566372936052,left,2.5242907192376443,2.1064229544810815,0.0,nan,[],0,6
9,28,-0.8509293078923404,0.8971476820224062,0.9315210127888579,left,2.5304176665750346,2.1051709197224806,0.16666666666666666,4.0,[4],1,6
9,29,2.878205274342526,0.5829750834495298,0.7672409131157997,left,2.513774649374904,2.1051709197224806,0.16666666666666666,10.0,[10],1,6
9,30,1.749662858512893,0.7619111955937141,0.16983005293729514,right,2.5803012391219453,2.1078001927155428,0.3333333333333333,2.5,"[2, 3]",2,6
9,31,0.537442839275811,0.5830494561272603,2.161392764755804,left,2.5148177393129063,2.1051709197224806,0.0,nan,[],0,6
9,32,2.375333407932124,-0.12533195794302188,2.1772581030801197,right,2.5709838405633065,2.1101790587568843,0.0,nan,[],0,6
9,33,2.988446628474436,0.40734263860262243,1.314596358817409,left,2.508255925506188,2.1080923341592164,0.0,nan,[],0,6
9,34,-0.10300914962453189,0.0752710584944225,1.709293062276685,left,2.528905654778391,2.106923768384522,0.16666666666666666,3.0,[3],1,6
9,35,-0.9950460329627616,0.05212360210695832,1.1110134071392737,right,2.4861653200112404,2.1072330946189997,0.16666666666666666,6.0,[6],1,6
9,36,0.8861674563858566,0.31562215608534605,1.172861670852504,left,2.5361038076451505,2.106469326138807,0.3333333333333333,6.5,"[4, 9]",2,6
9,37,-0.5111323738606796,-0.19481286560162503,1.7547676632601883,right,2.540955905541687,2.106144724534726,0.16666666666666666,6.0,[6],1,6
9,38,-0.18053279352792184,0.57939246416953,1.807415873078709,right,2.5146473266285354,2.1076749892396824,0.0,nan,[],0,6
9,39,-0.8077192446171285,0.15815991680371388,0.4600294022568311,right,2.523791408951819,2.1062664501362565,0.16666666666666666,4.0,[4],1,6
9,40,0.5406398248116027,0.93197892403454,0.679364980307366,left,2.5363978529890736,2.1059012733316647,0.16666666666666666,8.0,[8],1,6
9,41,3.788996589136352,0.40939593395324736,0.5508667570577174,left,2.5299905389890553,2.1067644185061547,0.0,nan,[],0,6
9,42,2.0434637492206407,0.5732868931860191,1.2333649726566054,right,2.5350565152729625,2.106047344053501,0.0,nan,[],0,6
9,43,3.285432845496656,-0.5367119830201368,2.273940722141937,left,2.58539458907328,2.1067644185061547,0.5,1.0,"[1, 0, 2]",3,6
9,44,3.2641639773922178,0.8852961324510451,2.1898392332879753,left,2.5587803146338057,2.1064229544810815,0.16666666666666666,5.0,[5],1,6
9,45,0.23006972672016923,0.4499079683741414,1.378050486883463,right,2.5562450577336997,2.1092159550964222,0.0,nan,[],0,6
9,46,3.7809544815970177,0.16396080673963764,1.7242663288811133,right,2.4867737425869834,2.1051709197224806,0.0,nan,[],0,6
9,47,0.5202385764697373,-0.5443372154269929,2.141593811816011,right,2.534107117684339,2.1051709197224806,0.0,nan,[],0,6
9,48,-0.5560130539846821,0.6904427042068535,1.1760416033110375,left,2.5184248012837513,2.107867609971775,0.16666666666666666,3.0,[3],1,6
9,49,1.0210998286286257,0.6024848942785967,1.4143640212849018,left,2.547930104253594,2.1051709197224806,0.5,2.6666666666666665,"[4, 3, 1]",3,6
